defined_class	external
http://purl.obolibrary.org/obo/NCIT_C32509	http://purl.obolibrary.org/obo/UBERON_0000016
http://purl.obolibrary.org/obo/NCIT_C33224	http://purl.obolibrary.org/obo/UBERON_0000020
http://purl.obolibrary.org/obo/NCIT_C33027	http://purl.obolibrary.org/obo/UBERON_0000029
http://purl.obolibrary.org/obo/NCIT_C32692	http://purl.obolibrary.org/obo/UBERON_0000037
http://purl.obolibrary.org/obo/NCIT_C52556	http://purl.obolibrary.org/obo/UBERON_0000038
http://purl.obolibrary.org/obo/NCIT_C13169	http://purl.obolibrary.org/obo/UBERON_0000042
http://purl.obolibrary.org/obo/NCIT_C13250	http://purl.obolibrary.org/obo/UBERON_0000074
http://purl.obolibrary.org/obo/NCIT_C34076	http://purl.obolibrary.org/obo/UBERON_0000075
http://purl.obolibrary.org/obo/NCIT_C34309	http://purl.obolibrary.org/obo/UBERON_0000076
http://purl.obolibrary.org/obo/NCIT_C12415	http://purl.obolibrary.org/obo/UBERON_0000082
http://purl.obolibrary.org/obo/NCIT_C34207	http://purl.obolibrary.org/obo/UBERON_0000084
http://purl.obolibrary.org/obo/NCIT_C34112	http://purl.obolibrary.org/obo/UBERON_0000091
http://purl.obolibrary.org/obo/NCIT_C12601	http://purl.obolibrary.org/obo/UBERON_0000106
http://purl.obolibrary.org/obo/NCIT_C34260	http://purl.obolibrary.org/obo/UBERON_0000118
http://purl.obolibrary.org/obo/NCIT_C34282	http://purl.obolibrary.org/obo/UBERON_0000118
http://purl.obolibrary.org/obo/NCIT_C41407	http://purl.obolibrary.org/obo/UBERON_0000121
http://purl.obolibrary.org/obo/NCIT_C12898	http://purl.obolibrary.org/obo/UBERON_0000127
http://purl.obolibrary.org/obo/NCIT_C34322	http://purl.obolibrary.org/obo/UBERON_0000164
http://purl.obolibrary.org/obo/NCIT_C77666	http://purl.obolibrary.org/obo/UBERON_0000172
http://purl.obolibrary.org/obo/NCIT_C93028	http://purl.obolibrary.org/obo/UBERON_0000180
http://purl.obolibrary.org/obo/NCIT_C32290	http://purl.obolibrary.org/obo/UBERON_0000200
http://purl.obolibrary.org/obo/NCIT_C32707	http://purl.obolibrary.org/obo/UBERON_0000329
http://purl.obolibrary.org/obo/NCIT_C13261	http://purl.obolibrary.org/obo/UBERON_0000347
http://purl.obolibrary.org/obo/NCIT_C22174	http://purl.obolibrary.org/obo/UBERON_0000359
http://purl.obolibrary.org/obo/NCIT_C32779	http://purl.obolibrary.org/obo/UBERON_0000375
http://purl.obolibrary.org/obo/NCIT_C62404	http://purl.obolibrary.org/obo/UBERON_0000381
http://purl.obolibrary.org/obo/NCIT_C32322	http://purl.obolibrary.org/obo/UBERON_0000396
http://purl.obolibrary.org/obo/NCIT_C12675	http://purl.obolibrary.org/obo/UBERON_0000460
http://purl.obolibrary.org/obo/NCIT_C61122	http://purl.obolibrary.org/obo/UBERON_0000461
http://purl.obolibrary.org/obo/NCIT_C13236	http://purl.obolibrary.org/obo/UBERON_0000463
http://purl.obolibrary.org/obo/NCIT_C12919	http://purl.obolibrary.org/obo/UBERON_0000467
http://purl.obolibrary.org/obo/NCIT_C32221	http://purl.obolibrary.org/obo/UBERON_0000475
http://purl.obolibrary.org/obo/NCIT_C32186	http://purl.obolibrary.org/obo/UBERON_0000482
http://purl.obolibrary.org/obo/NCIT_C33622	http://purl.obolibrary.org/obo/UBERON_0000486
http://purl.obolibrary.org/obo/NCIT_C33554	http://purl.obolibrary.org/obo/UBERON_0000490
http://purl.obolibrary.org/obo/NCIT_C13075	http://purl.obolibrary.org/obo/UBERON_0000933
http://purl.obolibrary.org/obo/NCIT_C12761	http://purl.obolibrary.org/obo/UBERON_0000941
http://purl.obolibrary.org/obo/NCIT_C12511	http://purl.obolibrary.org/obo/UBERON_0000988
http://purl.obolibrary.org/obo/NCIT_C77957	http://purl.obolibrary.org/obo/UBERON_0000993
http://purl.obolibrary.org/obo/NCIT_C12413	http://purl.obolibrary.org/obo/UBERON_0001008
http://purl.obolibrary.org/obo/NCIT_C13056	http://purl.obolibrary.org/obo/UBERON_0001015
http://purl.obolibrary.org/obo/NCIT_C32586	http://purl.obolibrary.org/obo/UBERON_0001019
http://purl.obolibrary.org/obo/NCIT_C32349	http://purl.obolibrary.org/obo/UBERON_0001020
http://purl.obolibrary.org/obo/NCIT_C34275	http://purl.obolibrary.org/obo/UBERON_0001048
http://purl.obolibrary.org/obo/NCIT_C12219	http://purl.obolibrary.org/obo/UBERON_0001062
http://purl.obolibrary.org/obo/NCIT_C32577	http://purl.obolibrary.org/obo/UBERON_0001067
http://purl.obolibrary.org/obo/NCIT_C12815	http://purl.obolibrary.org/obo/UBERON_0001072
http://purl.obolibrary.org/obo/NCIT_C33000	http://purl.obolibrary.org/obo/UBERON_0001117
http://purl.obolibrary.org/obo/NCIT_C53014	http://purl.obolibrary.org/obo/UBERON_0001125
http://purl.obolibrary.org/obo/NCIT_C53012	http://purl.obolibrary.org/obo/UBERON_0001126
http://purl.obolibrary.org/obo/NCIT_C53007	http://purl.obolibrary.org/obo/UBERON_0001127
http://purl.obolibrary.org/obo/NCIT_C33588	http://purl.obolibrary.org/obo/UBERON_0001130
http://purl.obolibrary.org/obo/NCIT_C12259	http://purl.obolibrary.org/obo/UBERON_0001165
http://purl.obolibrary.org/obo/NCIT_C33573	http://purl.obolibrary.org/obo/UBERON_0001168
http://purl.obolibrary.org/obo/NCIT_C32654	http://purl.obolibrary.org/obo/UBERON_0001192
http://purl.obolibrary.org/obo/NCIT_C32760	http://purl.obolibrary.org/obo/UBERON_0001197
http://purl.obolibrary.org/obo/NCIT_C32662	http://purl.obolibrary.org/obo/UBERON_0001201
http://purl.obolibrary.org/obo/NCIT_C32929	http://purl.obolibrary.org/obo/UBERON_0001209
http://purl.obolibrary.org/obo/NCIT_C33570	http://purl.obolibrary.org/obo/UBERON_0001210
http://purl.obolibrary.org/obo/NCIT_C13010	http://purl.obolibrary.org/obo/UBERON_0001212
http://purl.obolibrary.org/obo/NCIT_C53059	http://purl.obolibrary.org/obo/UBERON_0001214
http://purl.obolibrary.org/obo/NCIT_C32225	http://purl.obolibrary.org/obo/UBERON_0001230
http://purl.obolibrary.org/obo/NCIT_C25316	http://purl.obolibrary.org/obo/UBERON_0001237
http://purl.obolibrary.org/obo/NCIT_C49297	http://purl.obolibrary.org/obo/UBERON_0001238
http://purl.obolibrary.org/obo/NCIT_C32928	http://purl.obolibrary.org/obo/UBERON_0001239
http://purl.obolibrary.org/obo/NCIT_C49478	http://purl.obolibrary.org/obo/UBERON_0001262
http://purl.obolibrary.org/obo/NCIT_C32735	http://purl.obolibrary.org/obo/UBERON_0001280
http://purl.obolibrary.org/obo/NCIT_C32255	http://purl.obolibrary.org/obo/UBERON_0001282
http://purl.obolibrary.org/obo/NCIT_C32387	http://purl.obolibrary.org/obo/UBERON_0001284
http://purl.obolibrary.org/obo/NCIT_C33840	http://purl.obolibrary.org/obo/UBERON_0001286
http://purl.obolibrary.org/obo/NCIT_C33417	http://purl.obolibrary.org/obo/UBERON_0001287
http://purl.obolibrary.org/obo/NCIT_C33298	http://purl.obolibrary.org/obo/UBERON_0001297
http://purl.obolibrary.org/obo/NCIT_C33475	http://purl.obolibrary.org/obo/UBERON_0001302
http://purl.obolibrary.org/obo/NCIT_C32959	http://purl.obolibrary.org/obo/UBERON_0001303
http://purl.obolibrary.org/obo/NCIT_C61518	http://purl.obolibrary.org/obo/UBERON_0001304
http://purl.obolibrary.org/obo/NCIT_C52814	http://purl.obolibrary.org/obo/UBERON_0001324
http://purl.obolibrary.org/obo/NCIT_C81014	http://purl.obolibrary.org/obo/UBERON_0001341
http://purl.obolibrary.org/obo/NCIT_C34293	http://purl.obolibrary.org/obo/UBERON_0001343
http://purl.obolibrary.org/obo/NCIT_C33191	http://purl.obolibrary.org/obo/UBERON_0001368
http://purl.obolibrary.org/obo/NCIT_C53079	http://purl.obolibrary.org/obo/UBERON_0001385
http://purl.obolibrary.org/obo/NCIT_C53171	http://purl.obolibrary.org/obo/UBERON_0001387
http://purl.obolibrary.org/obo/NCIT_C53276	http://purl.obolibrary.org/obo/UBERON_0001419
http://purl.obolibrary.org/obo/NCIT_C12856	http://purl.obolibrary.org/obo/UBERON_0001432
http://purl.obolibrary.org/obo/NCIT_C12860	http://purl.obolibrary.org/obo/UBERON_0001433
http://purl.obolibrary.org/obo/NCIT_C52714	http://purl.obolibrary.org/obo/UBERON_0001439
http://purl.obolibrary.org/obo/NCIT_C12799	http://purl.obolibrary.org/obo/UBERON_0001443
http://purl.obolibrary.org/obo/NCIT_C32840	http://purl.obolibrary.org/obo/UBERON_0001452
http://purl.obolibrary.org/obo/NCIT_C32259	http://purl.obolibrary.org/obo/UBERON_0001484
http://purl.obolibrary.org/obo/NCIT_C33766	http://purl.obolibrary.org/obo/UBERON_0001515
http://purl.obolibrary.org/obo/NCIT_C32814	http://purl.obolibrary.org/obo/UBERON_0001529
http://purl.obolibrary.org/obo/NCIT_C32352	http://purl.obolibrary.org/obo/UBERON_0001530
http://purl.obolibrary.org/obo/NCIT_C32860	http://purl.obolibrary.org/obo/UBERON_0001541
http://purl.obolibrary.org/obo/NCIT_C32462	http://purl.obolibrary.org/obo/UBERON_0001562
http://purl.obolibrary.org/obo/NCIT_C12816	http://purl.obolibrary.org/obo/UBERON_0001585
http://purl.obolibrary.org/obo/NCIT_C52698	http://purl.obolibrary.org/obo/UBERON_0001589
http://purl.obolibrary.org/obo/NCIT_C53078	http://purl.obolibrary.org/obo/UBERON_0001667
http://purl.obolibrary.org/obo/NCIT_C32316	http://purl.obolibrary.org/obo/UBERON_0001694
http://purl.obolibrary.org/obo/NCIT_C12897	http://purl.obolibrary.org/obo/UBERON_0001715
http://purl.obolibrary.org/obo/NCIT_C12229	http://purl.obolibrary.org/obo/UBERON_0001716
http://purl.obolibrary.org/obo/NCIT_C33591	http://purl.obolibrary.org/obo/UBERON_0001721
http://purl.obolibrary.org/obo/NCIT_C49594	http://purl.obolibrary.org/obo/UBERON_0001762
http://purl.obolibrary.org/obo/NCIT_C32910	http://purl.obolibrary.org/obo/UBERON_0001765
http://purl.obolibrary.org/obo/NCIT_C12344	http://purl.obolibrary.org/obo/UBERON_0001776
http://purl.obolibrary.org/obo/NCIT_C12699	http://purl.obolibrary.org/obo/UBERON_0001777
http://purl.obolibrary.org/obo/NCIT_C33075	http://purl.obolibrary.org/obo/UBERON_0001818
http://purl.obolibrary.org/obo/NCIT_C32486	http://purl.obolibrary.org/obo/UBERON_0001837
http://purl.obolibrary.org/obo/NCIT_C33695	http://purl.obolibrary.org/obo/UBERON_0001841
http://purl.obolibrary.org/obo/NCIT_C33503	http://purl.obolibrary.org/obo/UBERON_0001854
http://purl.obolibrary.org/obo/NCIT_C32335	http://purl.obolibrary.org/obo/UBERON_0001855
http://purl.obolibrary.org/obo/NCIT_C52733	http://purl.obolibrary.org/obo/UBERON_0001882
http://purl.obolibrary.org/obo/NCIT_C32452	http://purl.obolibrary.org/obo/UBERON_0001885
http://purl.obolibrary.org/obo/NCIT_C13082	http://purl.obolibrary.org/obo/UBERON_0001887
http://purl.obolibrary.org/obo/NCIT_C12510	http://purl.obolibrary.org/obo/UBERON_0001891
http://purl.obolibrary.org/obo/NCIT_C32741	http://purl.obolibrary.org/obo/UBERON_0001895
http://purl.obolibrary.org/obo/NCIT_C12459	http://purl.obolibrary.org/obo/UBERON_0001897
http://purl.obolibrary.org/obo/NCIT_C12398	http://purl.obolibrary.org/obo/UBERON_0001905
http://purl.obolibrary.org/obo/NCIT_C13401	http://purl.obolibrary.org/obo/UBERON_0001913
http://purl.obolibrary.org/obo/NCIT_C33862	http://purl.obolibrary.org/obo/UBERON_0001925
http://purl.obolibrary.org/obo/NCIT_C32556	http://purl.obolibrary.org/obo/UBERON_0001926
http://purl.obolibrary.org/obo/NCIT_C32843	http://purl.obolibrary.org/obo/UBERON_0001927
http://purl.obolibrary.org/obo/NCIT_C52711	http://purl.obolibrary.org/obo/UBERON_0001932
http://purl.obolibrary.org/obo/NCIT_C12444	http://purl.obolibrary.org/obo/UBERON_0001954
http://purl.obolibrary.org/obo/NCIT_C32234	http://purl.obolibrary.org/obo/UBERON_0001963
http://purl.obolibrary.org/obo/NCIT_C97341	http://purl.obolibrary.org/obo/UBERON_0001965
http://purl.obolibrary.org/obo/NCIT_C13713	http://purl.obolibrary.org/obo/UBERON_0001968
http://purl.obolibrary.org/obo/NCIT_C32041	http://purl.obolibrary.org/obo/UBERON_0002019
http://purl.obolibrary.org/obo/NCIT_C32278	http://purl.obolibrary.org/obo/UBERON_0002022
http://purl.obolibrary.org/obo/NCIT_C33466	http://purl.obolibrary.org/obo/UBERON_0002025
http://purl.obolibrary.org/obo/NCIT_C40336	http://purl.obolibrary.org/obo/UBERON_0002028
http://purl.obolibrary.org/obo/NCIT_C34317	http://purl.obolibrary.org/obo/UBERON_0002061
http://purl.obolibrary.org/obo/NCIT_C33624	http://purl.obolibrary.org/obo/UBERON_0002071
http://purl.obolibrary.org/obo/NCIT_C33645	http://purl.obolibrary.org/obo/UBERON_0002072
http://purl.obolibrary.org/obo/NCIT_C77625	http://purl.obolibrary.org/obo/UBERON_0002103
http://purl.obolibrary.org/obo/NCIT_C32056	http://purl.obolibrary.org/obo/UBERON_0002173
http://purl.obolibrary.org/obo/NCIT_C32311	http://purl.obolibrary.org/obo/UBERON_0002192
http://purl.obolibrary.org/obo/NCIT_C12772	http://purl.obolibrary.org/obo/UBERON_0002196
http://purl.obolibrary.org/obo/NCIT_C33052	http://purl.obolibrary.org/obo/UBERON_0002206
http://purl.obolibrary.org/obo/NCIT_C32461	http://purl.obolibrary.org/obo/UBERON_0002217
http://purl.obolibrary.org/obo/NCIT_C13179	http://purl.obolibrary.org/obo/UBERON_0002226
http://purl.obolibrary.org/obo/NCIT_C32763	http://purl.obolibrary.org/obo/UBERON_0002251
http://purl.obolibrary.org/obo/NCIT_C33860	http://purl.obolibrary.org/obo/UBERON_0002260
http://purl.obolibrary.org/obo/NCIT_C32977	http://purl.obolibrary.org/obo/UBERON_0002263
http://purl.obolibrary.org/obo/NCIT_C12834	http://purl.obolibrary.org/obo/UBERON_0002285
http://purl.obolibrary.org/obo/NCIT_C32135	http://purl.obolibrary.org/obo/UBERON_0002289
http://purl.obolibrary.org/obo/NCIT_C12678	http://purl.obolibrary.org/obo/UBERON_0002294
http://purl.obolibrary.org/obo/NCIT_C32606	http://purl.obolibrary.org/obo/UBERON_0002310
http://purl.obolibrary.org/obo/NCIT_C25444	http://purl.obolibrary.org/obo/UBERON_0002323
http://purl.obolibrary.org/obo/NCIT_C12348	http://purl.obolibrary.org/obo/UBERON_0002360
http://purl.obolibrary.org/obo/NCIT_C32136	http://purl.obolibrary.org/obo/UBERON_0002362
http://purl.obolibrary.org/obo/NCIT_C12500	http://purl.obolibrary.org/obo/UBERON_0002393
http://purl.obolibrary.org/obo/NCIT_C49595	http://purl.obolibrary.org/obo/UBERON_0002424
http://purl.obolibrary.org/obo/NCIT_C32228	http://purl.obolibrary.org/obo/UBERON_0002434
http://purl.obolibrary.org/obo/NCIT_C111122	http://purl.obolibrary.org/obo/UBERON_0002435
http://purl.obolibrary.org/obo/NCIT_C49347	http://purl.obolibrary.org/obo/UBERON_0002437
http://purl.obolibrary.org/obo/NCIT_C33842	http://purl.obolibrary.org/obo/UBERON_0002451
http://purl.obolibrary.org/obo/NCIT_C52941	http://purl.obolibrary.org/obo/UBERON_0002456
http://purl.obolibrary.org/obo/NCIT_C77660	http://purl.obolibrary.org/obo/UBERON_0002470
http://purl.obolibrary.org/obo/NCIT_C12493	http://purl.obolibrary.org/obo/UBERON_0002517
http://purl.obolibrary.org/obo/NCIT_C32495	http://purl.obolibrary.org/obo/UBERON_0002521
http://purl.obolibrary.org/obo/NCIT_C118775	http://purl.obolibrary.org/obo/UBERON_0002526
http://purl.obolibrary.org/obo/NCIT_C34007	http://purl.obolibrary.org/obo/UBERON_0002553
http://purl.obolibrary.org/obo/NCIT_C32406	http://purl.obolibrary.org/obo/UBERON_0002589
http://purl.obolibrary.org/obo/NCIT_C13031	http://purl.obolibrary.org/obo/UBERON_0002616
http://purl.obolibrary.org/obo/NCIT_C33800	http://purl.obolibrary.org/obo/UBERON_0002649
http://purl.obolibrary.org/obo/NCIT_C32321	http://purl.obolibrary.org/obo/UBERON_0002713
http://purl.obolibrary.org/obo/NCIT_C32340	http://purl.obolibrary.org/obo/UBERON_0002716
http://purl.obolibrary.org/obo/NCIT_C33197	http://purl.obolibrary.org/obo/UBERON_0002766
http://purl.obolibrary.org/obo/NCIT_C32475	http://purl.obolibrary.org/obo/UBERON_0002870
http://purl.obolibrary.org/obo/NCIT_C33863	http://purl.obolibrary.org/obo/UBERON_0002942
http://purl.obolibrary.org/obo/NCIT_C33864	http://purl.obolibrary.org/obo/UBERON_0002945
http://purl.obolibrary.org/obo/NCIT_C34266	http://purl.obolibrary.org/obo/UBERON_0003062
http://purl.obolibrary.org/obo/NCIT_C34288	http://purl.obolibrary.org/obo/UBERON_0003066
http://purl.obolibrary.org/obo/NCIT_C34239	http://purl.obolibrary.org/obo/UBERON_0003069
http://purl.obolibrary.org/obo/NCIT_C92598	http://purl.obolibrary.org/obo/UBERON_0003088
http://purl.obolibrary.org/obo/NCIT_C34124	http://purl.obolibrary.org/obo/UBERON_0003124
http://purl.obolibrary.org/obo/NCIT_C49306	http://purl.obolibrary.org/obo/UBERON_0003387
http://purl.obolibrary.org/obo/NCIT_C38515	http://purl.obolibrary.org/obo/UBERON_0003483
http://purl.obolibrary.org/obo/NCIT_C12296	http://purl.obolibrary.org/obo/UBERON_0003531
http://purl.obolibrary.org/obo/NCIT_C12297	http://purl.obolibrary.org/obo/UBERON_0003532
http://purl.obolibrary.org/obo/NCIT_C12298	http://purl.obolibrary.org/obo/UBERON_0003693
http://purl.obolibrary.org/obo/NCIT_C32043	http://purl.obolibrary.org/obo/UBERON_0003701
http://purl.obolibrary.org/obo/NCIT_C32138	http://purl.obolibrary.org/obo/UBERON_0003861
http://purl.obolibrary.org/obo/NCIT_C32246	http://purl.obolibrary.org/obo/UBERON_0003881
http://purl.obolibrary.org/obo/NCIT_C32247	http://purl.obolibrary.org/obo/UBERON_0003882
http://purl.obolibrary.org/obo/NCIT_C32248	http://purl.obolibrary.org/obo/UBERON_0003883
http://purl.obolibrary.org/obo/NCIT_C32249	http://purl.obolibrary.org/obo/UBERON_0003884
http://purl.obolibrary.org/obo/NCIT_C34165	http://purl.obolibrary.org/obo/UBERON_0003888
http://purl.obolibrary.org/obo/NCIT_C34242	http://purl.obolibrary.org/obo/UBERON_0003922
http://purl.obolibrary.org/obo/NCIT_C33400	http://purl.obolibrary.org/obo/UBERON_0003981
http://purl.obolibrary.org/obo/NCIT_C32626	http://purl.obolibrary.org/obo/UBERON_0003991
http://purl.obolibrary.org/obo/NCIT_C32625	http://purl.obolibrary.org/obo/UBERON_0003992
http://purl.obolibrary.org/obo/NCIT_C32627	http://purl.obolibrary.org/obo/UBERON_0003993
http://purl.obolibrary.org/obo/NCIT_C32866	http://purl.obolibrary.org/obo/UBERON_0004047
http://purl.obolibrary.org/obo/NCIT_C32410	http://purl.obolibrary.org/obo/UBERON_0004106
http://purl.obolibrary.org/obo/NCIT_C33148	http://purl.obolibrary.org/obo/UBERON_0004113
http://purl.obolibrary.org/obo/NCIT_C49137	http://purl.obolibrary.org/obo/UBERON_0004130
http://purl.obolibrary.org/obo/NCIT_C34161	http://purl.obolibrary.org/obo/UBERON_0004141
http://purl.obolibrary.org/obo/NCIT_C12882	http://purl.obolibrary.org/obo/UBERON_0004148
http://purl.obolibrary.org/obo/NCIT_C33890	http://purl.obolibrary.org/obo/UBERON_0004170
http://purl.obolibrary.org/obo/NCIT_C77619	http://purl.obolibrary.org/obo/UBERON_0004187
http://purl.obolibrary.org/obo/NCIT_C32892	http://purl.obolibrary.org/obo/UBERON_0004194
http://purl.obolibrary.org/obo/NCIT_C49243	http://purl.obolibrary.org/obo/UBERON_0004221
http://purl.obolibrary.org/obo/NCIT_C82952	http://purl.obolibrary.org/obo/UBERON_0004346
http://purl.obolibrary.org/obo/NCIT_C32226	http://purl.obolibrary.org/obo/UBERON_0004370
http://purl.obolibrary.org/obo/NCIT_C61549	http://purl.obolibrary.org/obo/UBERON_0004529
http://purl.obolibrary.org/obo/NCIT_C32550	http://purl.obolibrary.org/obo/UBERON_0004545
http://purl.obolibrary.org/obo/NCIT_C13318	http://purl.obolibrary.org/obo/UBERON_0004645
http://purl.obolibrary.org/obo/NCIT_C33195	http://purl.obolibrary.org/obo/UBERON_0004672
http://purl.obolibrary.org/obo/NCIT_C32382	http://purl.obolibrary.org/obo/UBERON_0004713
http://purl.obolibrary.org/obo/NCIT_C32063	http://purl.obolibrary.org/obo/UBERON_0004721
http://purl.obolibrary.org/obo/NCIT_C34058	http://purl.obolibrary.org/obo/UBERON_0004734
http://purl.obolibrary.org/obo/NCIT_C34150	http://purl.obolibrary.org/obo/UBERON_0004749
http://purl.obolibrary.org/obo/NCIT_C34241	http://purl.obolibrary.org/obo/UBERON_0004754
http://purl.obolibrary.org/obo/NCIT_C32068	http://purl.obolibrary.org/obo/UBERON_0004760
http://purl.obolibrary.org/obo/NCIT_C34121	http://purl.obolibrary.org/obo/UBERON_0004761
http://purl.obolibrary.org/obo/NCIT_C119295	http://purl.obolibrary.org/obo/UBERON_0004784
http://purl.obolibrary.org/obo/NCIT_C49276	http://purl.obolibrary.org/obo/UBERON_0004810
http://purl.obolibrary.org/obo/NCIT_C12867	http://purl.obolibrary.org/obo/UBERON_0004821
http://purl.obolibrary.org/obo/NCIT_C13053	http://purl.obolibrary.org/obo/UBERON_0004852
http://purl.obolibrary.org/obo/NCIT_C49473	http://purl.obolibrary.org/obo/UBERON_0004893
http://purl.obolibrary.org/obo/NCIT_C32676	http://purl.obolibrary.org/obo/UBERON_0004909
http://purl.obolibrary.org/obo/NCIT_C13011	http://purl.obolibrary.org/obo/UBERON_0004913
http://purl.obolibrary.org/obo/NCIT_C52561	http://purl.obolibrary.org/obo/UBERON_0004919
http://purl.obolibrary.org/obo/NCIT_C77615	http://purl.obolibrary.org/obo/UBERON_0005052
http://purl.obolibrary.org/obo/NCIT_C33873	http://purl.obolibrary.org/obo/UBERON_0005236
http://purl.obolibrary.org/obo/NCIT_C34321	http://purl.obolibrary.org/obo/UBERON_0005294
http://purl.obolibrary.org/obo/NCIT_C34134	http://purl.obolibrary.org/obo/UBERON_0005296
http://purl.obolibrary.org/obo/NCIT_C79432	http://purl.obolibrary.org/obo/UBERON_0005301
http://purl.obolibrary.org/obo/NCIT_C77617	http://purl.obolibrary.org/obo/UBERON_0005302
http://purl.obolibrary.org/obo/NCIT_C52831	http://purl.obolibrary.org/obo/UBERON_0005303
http://purl.obolibrary.org/obo/NCIT_C28216	http://purl.obolibrary.org/obo/UBERON_0005335
http://purl.obolibrary.org/obo/NCIT_C54098	http://purl.obolibrary.org/obo/UBERON_0005356
http://purl.obolibrary.org/obo/NCIT_C33355	http://purl.obolibrary.org/obo/UBERON_0005373
http://purl.obolibrary.org/obo/NCIT_C33137	http://purl.obolibrary.org/obo/UBERON_0005390
http://purl.obolibrary.org/obo/NCIT_C32557	http://purl.obolibrary.org/obo/UBERON_0005391
http://purl.obolibrary.org/obo/NCIT_C32571	http://purl.obolibrary.org/obo/UBERON_0005392
http://purl.obolibrary.org/obo/NCIT_C32844	http://purl.obolibrary.org/obo/UBERON_0005393
http://purl.obolibrary.org/obo/NCIT_C32653	http://purl.obolibrary.org/obo/UBERON_0005394
http://purl.obolibrary.org/obo/NCIT_C12687	http://purl.obolibrary.org/obo/UBERON_0005396
http://purl.obolibrary.org/obo/NCIT_C49331	http://purl.obolibrary.org/obo/UBERON_0005397
http://purl.obolibrary.org/obo/NCIT_C32567	http://purl.obolibrary.org/obo/UBERON_0005442
http://purl.obolibrary.org/obo/NCIT_C34004	http://purl.obolibrary.org/obo/UBERON_0005462
http://purl.obolibrary.org/obo/NCIT_C33329	http://purl.obolibrary.org/obo/UBERON_0005467
http://purl.obolibrary.org/obo/NCIT_C32544	http://purl.obolibrary.org/obo/UBERON_0005485
http://purl.obolibrary.org/obo/NCIT_C33641	http://purl.obolibrary.org/obo/UBERON_0005614
http://purl.obolibrary.org/obo/NCIT_C33271	http://purl.obolibrary.org/obo/UBERON_0005750
http://purl.obolibrary.org/obo/NCIT_C33879	http://purl.obolibrary.org/obo/UBERON_0005751
http://purl.obolibrary.org/obo/NCIT_C13191	http://purl.obolibrary.org/obo/UBERON_0005769
http://purl.obolibrary.org/obo/NCIT_C32916	http://purl.obolibrary.org/obo/UBERON_0005787
http://purl.obolibrary.org/obo/NCIT_C34027	http://purl.obolibrary.org/obo/UBERON_0005800
http://purl.obolibrary.org/obo/NCIT_C33344	http://purl.obolibrary.org/obo/UBERON_0005806
http://purl.obolibrary.org/obo/NCIT_C33799	http://purl.obolibrary.org/obo/UBERON_0005821
http://purl.obolibrary.org/obo/NCIT_C33798	http://purl.obolibrary.org/obo/UBERON_0005835
http://purl.obolibrary.org/obo/NCIT_C32794	http://purl.obolibrary.org/obo/UBERON_0005922
http://purl.obolibrary.org/obo/NCIT_C61368	http://purl.obolibrary.org/obo/UBERON_0005953
http://purl.obolibrary.org/obo/NCIT_C32324	http://purl.obolibrary.org/obo/UBERON_0005974
http://purl.obolibrary.org/obo/NCIT_C32307	http://purl.obolibrary.org/obo/UBERON_0005994
http://purl.obolibrary.org/obo/NCIT_C112399	http://purl.obolibrary.org/obo/UBERON_0006093
http://purl.obolibrary.org/obo/NCIT_C32362	http://purl.obolibrary.org/obo/UBERON_0006203
http://purl.obolibrary.org/obo/NCIT_C34110	http://purl.obolibrary.org/obo/UBERON_0006208
http://purl.obolibrary.org/obo/NCIT_C34198	http://purl.obolibrary.org/obo/UBERON_0006257
http://purl.obolibrary.org/obo/NCIT_C34246	http://purl.obolibrary.org/obo/UBERON_0006275
http://purl.obolibrary.org/obo/NCIT_C34255	http://purl.obolibrary.org/obo/UBERON_0006278
http://purl.obolibrary.org/obo/NCIT_C34160	http://purl.obolibrary.org/obo/UBERON_0006283
http://purl.obolibrary.org/obo/NCIT_C32783	http://purl.obolibrary.org/obo/UBERON_0006320
http://purl.obolibrary.org/obo/NCIT_C32790	http://purl.obolibrary.org/obo/UBERON_0006322
http://purl.obolibrary.org/obo/NCIT_C32987	http://purl.obolibrary.org/obo/UBERON_0006330
http://purl.obolibrary.org/obo/NCIT_C49479	http://purl.obolibrary.org/obo/UBERON_0006534
http://purl.obolibrary.org/obo/NCIT_C13722	http://purl.obolibrary.org/obo/UBERON_0006538
http://purl.obolibrary.org/obo/NCIT_C32747	http://purl.obolibrary.org/obo/UBERON_0006651
http://purl.obolibrary.org/obo/NCIT_C87076	http://purl.obolibrary.org/obo/UBERON_0006689
http://purl.obolibrary.org/obo/NCIT_C32861	http://purl.obolibrary.org/obo/UBERON_0006718
http://purl.obolibrary.org/obo/NCIT_C32570	http://purl.obolibrary.org/obo/UBERON_0006719
http://purl.obolibrary.org/obo/NCIT_C33135	http://purl.obolibrary.org/obo/UBERON_0006723
http://purl.obolibrary.org/obo/NCIT_C45715	http://purl.obolibrary.org/obo/UBERON_0006799
http://purl.obolibrary.org/obo/NCIT_C32281	http://purl.obolibrary.org/obo/UBERON_0006841
http://purl.obolibrary.org/obo/NCIT_C34177	http://purl.obolibrary.org/obo/UBERON_0006871
http://purl.obolibrary.org/obo/NCIT_C12614	http://purl.obolibrary.org/obo/UBERON_0006907
http://purl.obolibrary.org/obo/NCIT_C12613	http://purl.obolibrary.org/obo/UBERON_0006908
http://purl.obolibrary.org/obo/NCIT_C13182	http://purl.obolibrary.org/obo/UBERON_0006929
http://purl.obolibrary.org/obo/NCIT_C32804	http://purl.obolibrary.org/obo/UBERON_0006951
http://purl.obolibrary.org/obo/NCIT_C33638	http://purl.obolibrary.org/obo/UBERON_0006960
http://purl.obolibrary.org/obo/NCIT_C34022	http://purl.obolibrary.org/obo/UBERON_0006984
http://purl.obolibrary.org/obo/NCIT_C17600	http://purl.obolibrary.org/obo/UBERON_0007023
http://purl.obolibrary.org/obo/NCIT_C34268	http://purl.obolibrary.org/obo/UBERON_0007026
http://purl.obolibrary.org/obo/NCIT_C33447	http://purl.obolibrary.org/obo/UBERON_0007111
http://purl.obolibrary.org/obo/NCIT_C32201	http://purl.obolibrary.org/obo/UBERON_0007120
http://purl.obolibrary.org/obo/NCIT_C16268	http://purl.obolibrary.org/obo/UBERON_0007222
http://purl.obolibrary.org/obo/NCIT_C49321	http://purl.obolibrary.org/obo/UBERON_0007239
http://purl.obolibrary.org/obo/NCIT_C111162	http://purl.obolibrary.org/obo/UBERON_0007356
http://purl.obolibrary.org/obo/NCIT_C111301	http://purl.obolibrary.org/obo/UBERON_0007357
http://purl.obolibrary.org/obo/NCIT_C98702	http://purl.obolibrary.org/obo/UBERON_0007358
http://purl.obolibrary.org/obo/NCIT_C98777	http://purl.obolibrary.org/obo/UBERON_0007361
http://purl.obolibrary.org/obo/NCIT_C98766	http://purl.obolibrary.org/obo/UBERON_0007362
http://purl.obolibrary.org/obo/NCIT_C98778	http://purl.obolibrary.org/obo/UBERON_0007365
http://purl.obolibrary.org/obo/NCIT_C28351	http://purl.obolibrary.org/obo/UBERON_0007418
http://purl.obolibrary.org/obo/NCIT_C52917	http://purl.obolibrary.org/obo/UBERON_0007613
http://purl.obolibrary.org/obo/NCIT_C33629	http://purl.obolibrary.org/obo/UBERON_0007637
http://purl.obolibrary.org/obo/NCIT_C32058	http://purl.obolibrary.org/obo/UBERON_0007639
http://purl.obolibrary.org/obo/NCIT_C32668	http://purl.obolibrary.org/obo/UBERON_0007650
http://purl.obolibrary.org/obo/NCIT_C102321	http://purl.obolibrary.org/obo/UBERON_0007750
http://purl.obolibrary.org/obo/NCIT_C77663	http://purl.obolibrary.org/obo/UBERON_0007812
http://purl.obolibrary.org/obo/NCIT_C33287	http://purl.obolibrary.org/obo/UBERON_0007830
http://purl.obolibrary.org/obo/NCIT_C53184	http://purl.obolibrary.org/obo/UBERON_0008594
http://purl.obolibrary.org/obo/NCIT_C13100	http://purl.obolibrary.org/obo/UBERON_0008715
http://purl.obolibrary.org/obo/NCIT_C34164	http://purl.obolibrary.org/obo/UBERON_0008780
http://purl.obolibrary.org/obo/NCIT_C111156	http://purl.obolibrary.org/obo/UBERON_0008802
http://purl.obolibrary.org/obo/NCIT_C77618	http://purl.obolibrary.org/obo/UBERON_0008807
http://purl.obolibrary.org/obo/NCIT_C34248	http://purl.obolibrary.org/obo/UBERON_0008814
http://purl.obolibrary.org/obo/NCIT_C77956	http://purl.obolibrary.org/obo/UBERON_0008827
http://purl.obolibrary.org/obo/NCIT_C49141	http://purl.obolibrary.org/obo/UBERON_0008830
http://purl.obolibrary.org/obo/NCIT_C92654	http://purl.obolibrary.org/obo/UBERON_0008838
http://purl.obolibrary.org/obo/NCIT_C33431	http://purl.obolibrary.org/obo/UBERON_0008861
http://purl.obolibrary.org/obo/NCIT_C82999	http://purl.obolibrary.org/obo/UBERON_0008867
http://purl.obolibrary.org/obo/NCIT_C32728	http://purl.obolibrary.org/obo/UBERON_0008887
http://purl.obolibrary.org/obo/NCIT_C112425	http://purl.obolibrary.org/obo/UBERON_0008959
http://purl.obolibrary.org/obo/NCIT_C34138	http://purl.obolibrary.org/obo/UBERON_0008969
http://purl.obolibrary.org/obo/NCIT_C32536	http://purl.obolibrary.org/obo/UBERON_0008989
http://purl.obolibrary.org/obo/NCIT_C13067	http://purl.obolibrary.org/obo/UBERON_0009050
http://purl.obolibrary.org/obo/NCIT_C120926	http://purl.obolibrary.org/obo/UBERON_0009060
http://purl.obolibrary.org/obo/NCIT_C111323	http://purl.obolibrary.org/obo/UBERON_0009074
http://purl.obolibrary.org/obo/NCIT_C12406	http://purl.obolibrary.org/obo/UBERON_0009098
http://purl.obolibrary.org/obo/NCIT_C92597	http://purl.obolibrary.org/obo/UBERON_0009568
http://purl.obolibrary.org/obo/NCIT_C77955	http://purl.obolibrary.org/obo/UBERON_0009645
http://purl.obolibrary.org/obo/NCIT_C32385	http://purl.obolibrary.org/obo/UBERON_0009650
http://purl.obolibrary.org/obo/NCIT_C32602	http://purl.obolibrary.org/obo/UBERON_0009857
http://purl.obolibrary.org/obo/NCIT_C13393	http://purl.obolibrary.org/obo/UBERON_0009912
http://purl.obolibrary.org/obo/NCIT_C34318	http://purl.obolibrary.org/obo/UBERON_0010020
http://purl.obolibrary.org/obo/NCIT_C32130	http://purl.obolibrary.org/obo/UBERON_0010032
http://purl.obolibrary.org/obo/NCIT_C12228	http://purl.obolibrary.org/obo/UBERON_0010033
http://purl.obolibrary.org/obo/NCIT_C32643	http://purl.obolibrary.org/obo/UBERON_0010038
http://purl.obolibrary.org/obo/NCIT_C12339	http://purl.obolibrary.org/obo/UBERON_0010145
http://purl.obolibrary.org/obo/NCIT_C88212	http://purl.obolibrary.org/obo/UBERON_0010166
http://purl.obolibrary.org/obo/NCIT_C49311	http://purl.obolibrary.org/obo/UBERON_0010186
http://purl.obolibrary.org/obo/NCIT_C77657	http://purl.obolibrary.org/obo/UBERON_0010207
http://purl.obolibrary.org/obo/NCIT_C92438	http://purl.obolibrary.org/obo/UBERON_0010239
http://purl.obolibrary.org/obo/NCIT_C77624	http://purl.obolibrary.org/obo/UBERON_0010240
http://purl.obolibrary.org/obo/NCIT_C12989	http://purl.obolibrary.org/obo/UBERON_0010292
http://purl.obolibrary.org/obo/NCIT_C33652	http://purl.obolibrary.org/obo/UBERON_0010295
http://purl.obolibrary.org/obo/NCIT_C33794	http://purl.obolibrary.org/obo/UBERON_0010365
http://purl.obolibrary.org/obo/NCIT_C32076	http://purl.obolibrary.org/obo/UBERON_0010408
http://purl.obolibrary.org/obo/NCIT_C32856	http://purl.obolibrary.org/obo/UBERON_0010425
http://purl.obolibrary.org/obo/NCIT_C33419	http://purl.obolibrary.org/obo/UBERON_0010498
http://purl.obolibrary.org/obo/NCIT_C32416	http://purl.obolibrary.org/obo/UBERON_0010721
http://purl.obolibrary.org/obo/NCIT_C12349	http://purl.obolibrary.org/obo/UBERON_0010743
http://purl.obolibrary.org/obo/NCIT_C33053	http://purl.obolibrary.org/obo/UBERON_0010755
http://purl.obolibrary.org/obo/NCIT_C33198	http://purl.obolibrary.org/obo/UBERON_0010946
http://purl.obolibrary.org/obo/NCIT_C52895	http://purl.obolibrary.org/obo/UBERON_0010948
http://purl.obolibrary.org/obo/NCIT_C33843	http://purl.obolibrary.org/obo/UBERON_0011049
http://purl.obolibrary.org/obo/NCIT_C98784	http://purl.obolibrary.org/obo/UBERON_0011123
http://purl.obolibrary.org/obo/NCIT_C32264	http://purl.obolibrary.org/obo/UBERON_0011132
http://purl.obolibrary.org/obo/NCIT_C92593	http://purl.obolibrary.org/obo/UBERON_0011150
http://purl.obolibrary.org/obo/NCIT_C83191	http://purl.obolibrary.org/obo/UBERON_0011184
http://purl.obolibrary.org/obo/NCIT_C48258	http://purl.obolibrary.org/obo/UBERON_0011197
http://purl.obolibrary.org/obo/NCIT_C32927	http://purl.obolibrary.org/obo/UBERON_0011198
http://purl.obolibrary.org/obo/NCIT_C33569	http://purl.obolibrary.org/obo/UBERON_0011201
http://purl.obolibrary.org/obo/NCIT_C54210	http://purl.obolibrary.org/obo/UBERON_0011202
http://purl.obolibrary.org/obo/NCIT_C52954	http://purl.obolibrary.org/obo/UBERON_0011219
http://purl.obolibrary.org/obo/NCIT_C32068	http://purl.obolibrary.org/obo/UBERON_0011253
http://purl.obolibrary.org/obo/NCIT_C52893	http://purl.obolibrary.org/obo/UBERON_0011364
http://purl.obolibrary.org/obo/NCIT_C52892	http://purl.obolibrary.org/obo/UBERON_0011366
http://purl.obolibrary.org/obo/NCIT_C52944	http://purl.obolibrary.org/obo/UBERON_0011376
http://purl.obolibrary.org/obo/NCIT_C52891	http://purl.obolibrary.org/obo/UBERON_0011379
http://purl.obolibrary.org/obo/NCIT_C52898	http://purl.obolibrary.org/obo/UBERON_0011387
http://purl.obolibrary.org/obo/NCIT_C52950	http://purl.obolibrary.org/obo/UBERON_0011464
http://purl.obolibrary.org/obo/NCIT_C34274	http://purl.obolibrary.org/obo/UBERON_0011757
http://purl.obolibrary.org/obo/NCIT_C92833	http://purl.obolibrary.org/obo/UBERON_0011827
http://purl.obolibrary.org/obo/NCIT_C95443	http://purl.obolibrary.org/obo/UBERON_0011859
http://purl.obolibrary.org/obo/NCIT_C32339	http://purl.obolibrary.org/obo/UBERON_0011860
http://purl.obolibrary.org/obo/NCIT_C77661	http://purl.obolibrary.org/obo/UBERON_0011953
http://purl.obolibrary.org/obo/NCIT_C77662	http://purl.obolibrary.org/obo/UBERON_0011954
http://purl.obolibrary.org/obo/NCIT_C12294	http://purl.obolibrary.org/obo/UBERON_0012180
http://purl.obolibrary.org/obo/NCIT_C32702	http://purl.obolibrary.org/obo/UBERON_0012186
http://purl.obolibrary.org/obo/NCIT_C96180	http://purl.obolibrary.org/obo/UBERON_0012252
http://purl.obolibrary.org/obo/NCIT_C22725	http://purl.obolibrary.org/obo/UBERON_0012278
http://purl.obolibrary.org/obo/NCIT_C77620	http://purl.obolibrary.org/obo/UBERON_0012281
http://purl.obolibrary.org/obo/NCIT_C77659	http://purl.obolibrary.org/obo/UBERON_0012330
http://purl.obolibrary.org/obo/NCIT_C12318	http://purl.obolibrary.org/obo/UBERON_0012332
http://purl.obolibrary.org/obo/NCIT_C13819	http://purl.obolibrary.org/obo/UBERON_0012451
http://purl.obolibrary.org/obo/NCIT_C13175	http://purl.obolibrary.org/obo/UBERON_0012457
http://purl.obolibrary.org/obo/NCIT_C54189	http://purl.obolibrary.org/obo/UBERON_0012652
http://purl.obolibrary.org/obo/NCIT_C103222	http://purl.obolibrary.org/obo/UBERON_0013069
http://purl.obolibrary.org/obo/NCIT_C32292	http://purl.obolibrary.org/obo/UBERON_0013118
http://purl.obolibrary.org/obo/NCIT_C32377	http://purl.obolibrary.org/obo/UBERON_0013138
http://purl.obolibrary.org/obo/NCIT_C34259	http://purl.obolibrary.org/obo/UBERON_0013150
http://purl.obolibrary.org/obo/NCIT_C12237	http://purl.obolibrary.org/obo/UBERON_0013166
http://purl.obolibrary.org/obo/NCIT_C32117	http://purl.obolibrary.org/obo/UBERON_0013173
http://purl.obolibrary.org/obo/NCIT_C32755	http://purl.obolibrary.org/obo/UBERON_0013203
http://purl.obolibrary.org/obo/NCIT_C32680	http://purl.obolibrary.org/obo/UBERON_0013224
http://purl.obolibrary.org/obo/NCIT_C32679	http://purl.obolibrary.org/obo/UBERON_0013228
http://purl.obolibrary.org/obo/NCIT_C77616	http://purl.obolibrary.org/obo/UBERON_0013230
http://purl.obolibrary.org/obo/NCIT_C33584	http://purl.obolibrary.org/obo/UBERON_0013454
http://purl.obolibrary.org/obo/NCIT_C94868	http://purl.obolibrary.org/obo/UBERON_0013529
http://purl.obolibrary.org/obo/NCIT_C32547	http://purl.obolibrary.org/obo/UBERON_0013717
http://purl.obolibrary.org/obo/NCIT_C32832	http://purl.obolibrary.org/obo/UBERON_0013721
http://purl.obolibrary.org/obo/NCIT_C32491	http://purl.obolibrary.org/obo/UBERON_0013760
http://purl.obolibrary.org/obo/NCIT_C49266	http://purl.obolibrary.org/obo/UBERON_0014727
http://purl.obolibrary.org/obo/NCIT_C33635	http://purl.obolibrary.org/obo/UBERON_0014729
http://purl.obolibrary.org/obo/NCIT_C32714	http://purl.obolibrary.org/obo/UBERON_0014730
http://purl.obolibrary.org/obo/NCIT_C33592	http://purl.obolibrary.org/obo/UBERON_0015171
http://purl.obolibrary.org/obo/NCIT_C32555	http://purl.obolibrary.org/obo/UBERON_0015433
http://purl.obolibrary.org/obo/NCIT_C32761	http://purl.obolibrary.org/obo/UBERON_0015878
http://purl.obolibrary.org/obo/NCIT_C32420	http://purl.obolibrary.org/obo/UBERON_0015885
http://purl.obolibrary.org/obo/NCIT_C77653	http://purl.obolibrary.org/obo/UBERON_0016378
http://purl.obolibrary.org/obo/NCIT_C77654	http://purl.obolibrary.org/obo/UBERON_0016382
http://purl.obolibrary.org/obo/NCIT_C103429	http://purl.obolibrary.org/obo/UBERON_0016394
http://purl.obolibrary.org/obo/NCIT_C114187	http://purl.obolibrary.org/obo/UBERON_0016497
http://purl.obolibrary.org/obo/NCIT_C93232	http://purl.obolibrary.org/obo/UBERON_0018140
http://purl.obolibrary.org/obo/NCIT_C32834	http://purl.obolibrary.org/obo/UBERON_0018231
http://purl.obolibrary.org/obo/NCIT_C75444	http://purl.obolibrary.org/obo/UBERON_0018260
http://purl.obolibrary.org/obo/NCIT_C60574	http://purl.obolibrary.org/obo/UBERON_0019324
http://purl.obolibrary.org/obo/NCIT_C60564	http://purl.obolibrary.org/obo/UBERON_0019325
http://purl.obolibrary.org/obo/NCIT_C33159	http://purl.obolibrary.org/obo/UBERON_0022300
http://purl.obolibrary.org/obo/NCIT_C32642	http://purl.obolibrary.org/obo/UBERON_0022356
http://purl.obolibrary.org/obo/NCIT_C41168	http://purl.obolibrary.org/obo/UBERON_0034769
http://purl.obolibrary.org/obo/NCIT_C33831	http://purl.obolibrary.org/obo/UBERON_0034773
http://purl.obolibrary.org/obo/NCIT_C33219	http://purl.obolibrary.org/obo/UBERON_0034936
http://purl.obolibrary.org/obo/NCIT_C34262	http://purl.obolibrary.org/obo/UBERON_0034953
http://purl.obolibrary.org/obo/NCIT_C34285	http://purl.obolibrary.org/obo/UBERON_0034958
http://purl.obolibrary.org/obo/NCIT_C29667	http://purl.obolibrary.org/obo/UBERON_0035159
http://purl.obolibrary.org/obo/NCIT_C34326	http://purl.obolibrary.org/obo/UBERON_0035186
http://purl.obolibrary.org/obo/NCIT_C92602	http://purl.obolibrary.org/obo/UBERON_0035207
http://purl.obolibrary.org/obo/NCIT_C48589	http://purl.obolibrary.org/obo/UBERON_0035213
http://purl.obolibrary.org/obo/NCIT_C32853	http://purl.obolibrary.org/obo/UBERON_0035219
http://purl.obolibrary.org/obo/NCIT_C12242	http://purl.obolibrary.org/obo/UBERON_0035270
http://purl.obolibrary.org/obo/NCIT_C32525	http://purl.obolibrary.org/obo/UBERON_0035276
http://purl.obolibrary.org/obo/NCIT_C12249	http://purl.obolibrary.org/obo/UBERON_0035313
http://purl.obolibrary.org/obo/NCIT_C32227	http://purl.obolibrary.org/obo/UBERON_0035359
http://purl.obolibrary.org/obo/NCIT_C34213	http://purl.obolibrary.org/obo/UBERON_0035438
http://purl.obolibrary.org/obo/NCIT_C33810	http://purl.obolibrary.org/obo/UBERON_0035445
http://purl.obolibrary.org/obo/NCIT_C32393	http://purl.obolibrary.org/obo/UBERON_0035468
http://purl.obolibrary.org/obo/NCIT_C13174	http://purl.obolibrary.org/obo/UBERON_0035501
http://purl.obolibrary.org/obo/NCIT_C92603	http://purl.obolibrary.org/obo/UBERON_0035526
http://purl.obolibrary.org/obo/NCIT_C54188	http://purl.obolibrary.org/obo/UBERON_0036214
http://purl.obolibrary.org/obo/NCIT_C77954	http://purl.obolibrary.org/obo/UBERON_1000022
